{"stats":{"minecraft:custom":{"minecraft:jump":9,"minecraft:time_since_rest":8621,"minecraft:leave_game":1,"minecraft:sprint_one_cm":765,"minecraft:play_time":8621,"minecraft:damage_taken":20,"minecraft:time_since_death":8621,"minecraft:walk_one_cm":1184,"minecraft:total_world_time":8621,"minecraft:fall_one_cm":404,"minecraft:fly_one_cm":733},"minecraft:used":{"minecraft:dirt":3},"minecraft:mined":{"minecraft:grass":1,"minecraft:grass_block":3},"minecraft:picked_up":{"minecraft:dirt":3}},"DataVersion":3465}