{
  "pizzacraft:root": {
    "criteria": {
      "tick": "2024-07-12 00:47:25 +0000"
    },
    "done": true
  },
  "repurposed_structures:root": {
    "criteria": {
      "always": "2024-07-12 00:47:25 +0000"
    },
    "done": true
  },
  "minecraft:recipes/decorations/crafting_table": {
    "criteria": {
      "unlock_right_away": "2024-07-12 00:47:25 +0000"
    },
    "done": true
  },
  "minecraft:adventure/adventuring_time": {
    "criteria": {
      "minecraft:plains": "2024-07-12 00:47:26 +0000"
    },
    "done": false
  },
  "DataVersion": 3465
}